region_id	score	n_infected	n_control	fraction_infected
C01	1.0525482294731827	639	212	0.7508813160987075
C02	1.135388032513877	1687	454	0.7879495562821112
C03	1.1670798464350869	2495	424	0.8547447756080849
